{
    "common_dirs":[ 
        {
            "root_dir" : "core",
            "download_type": "exclude",
            "download_dirs":  ["usecases"]
        }
    ],

    "code_summarization":[
        {
            "root_dir" : "core_tests/data",
            "download_type": "include",
            "download_dirs":  ["Python Code"]  
        }
    ],
    "code_clone_detection":[
        {
            "root_dir" : "core_tests/data",
            "download_type": "include",
            "download_dirs":  ["Python Code"]  
        }
    ],
    "security_assessment":[
        {
            "root_dir" : "core_tests/data",
            "download_type": "include",
            "download_dirs":  ["Python Code"]  
        }
    ],
    "change_impact_analysis":[
        {
            "root_dir" : "core_tests/data",
            "download_type": "include",
            "download_dirs":  ["Python Code", "ImpactAnalysis"]  
        }
    ],
    "code_generation":[
        {
            "root_dir" : "core_tests/data",
            "download_type": "include",
            "download_dirs":  ["CodeGeneration"]  
        }
    ],
    "unit_test_case_generation":[
        {
            "root_dir" : "core_tests/data",
            "download_type": "include",
            "download_dirs":  ["UnitTestCase"]  
        }
    ],
    "code_refactoring":[
        {
            "root_dir" : "core_tests/data",
            "download_type": "include",
            "download_dirs":  ["Python Code"]  
        }
    ],
    "sql_generation":[
        {
            "root_dir" : "core_tests/data",
            "download_type": "include",
            "download_dirs":  ["SQLGeneration"]  
        }
    ],
    "sql_summarization":[
        {
            "root_dir" : "core_tests/data",
            "download_type": "include",
            "download_dirs":  ["SQLSummarization"]  
        }
    ],
    "test_case_generation":[
        {
            "root_dir" : "core_tests/data",
            "download_type": "include",
            "download_dirs":  ["TestCaseGen"]  
        }
    ],
	
	"test_case_grouping":[
        {
            "root_dir" : "core_tests/data",
            "download_type": "include",
            "download_dirs":  ["Test Case Grouping"]  
        }
    ],
	"test_case_optimization":[
        {
            "root_dir" : "core_tests/data",
            "download_type": "include",
            "download_dirs":  ["Test Case Optimization"]  
        }
    ],
	"test_case_recommendation":[
        {
            "root_dir" : "core_tests/data",
            "download_type": "include",
            "download_dirs":  ["TestCaseRecommendation"]  
        }
    ],
	"test_case_updation":[
        {
            "root_dir" : "core_tests/data",
            "download_type": "include",
            "download_dirs":  ["TestCaseUpdation"]  
        }
    ],
	"test_case_standardization":[
        {
            "root_dir" : "core_tests/data",
            "download_type": "include",
            "download_dirs":  ["TestCaseStandardization"]  
        }
    ],
	"test_script_generation":[
        {
            "root_dir" : "core_tests/data",
            "download_type": "include",
            "download_dirs":  ["TestScriptGeneration"]  
        }
    ],
	"test_script_optimization":[
        {
            "root_dir" : "core_tests/data",
            "download_type": "include",
            "download_dirs":  ["TestScriptOpt"]  
        }
    ],
	"test_script_updation":[
        {
            "root_dir" : "core_tests/data",
            "download_type": "include",
            "download_dirs":  ["Test Script Updation"]  
        }
    ],
	"duplicate_defect_detection":[
        {
            "root_dir" : "core_tests/data",
            "download_type": "include",
            "download_dirs":  ["DuplicateDefect"]  
        }
    ],
	"orphan_defect_detection":[
        {
            "root_dir" : "core_tests/data",
            "download_type": "include",
            "download_dirs":  ["OrphanDefect"]  
        }
    ]

}