{
  "UsecaseName": {
    "Code Summarization": ["code_files"],
    "Code Clone Detection": ["code_files"],
    "SQL Summarization": ["other_docs"],
    "Code Migration": ["code_files", "other_docs"],
    "Code Generation": [
      "api_docs",
      "requirement_docs",
      "code_guidelines"
    ],
    "SQL Generation": [
      "requirement_docs",
      "code_guidelines"
    ],
    "Change Impact Analysis": [
      "code_files",
      "defects",
      "testcases",
      "other_docs"
    ],
    "Security Assessment": ["code_files", "other_docs"],
    "Code Refactoring": ["code_files", "other_docs"],
    "Unit Test Case Generation": ["code_files", "other_docs", "code_guidelines"],
    "Test Case Generation": ["requirement_docs", "other_testing_artifacts"],
    "Test Script Generation": ["requirement_docs", "testcases", "other_testing_artifacts", "code_guidelines"],
    "Test Case Grouping": ["testcases", "other_testing_artifacts"],
    "Test Case Optimization": ["testcases", "other_testing_artifacts"],
    "Test Case Recommendation": ["testcases", "other_testing_artifacts", "defects"],
    "Duplicate Defect Detection": ["defects", "other_testing_artifacts"],
    "Orphan Defect Detection": ["defects","testcases","other_testing_artifacts"],
    "Test Script Optimization": ["test_scripts", "other_testing_artifacts"],
    "Data Generation": ["code_files", "defects", "testcases", "other_docs"],
    "Test Case Updation": ["requirement_docs", "testcases", "other_testing_artifacts"],
    "Test Script Updation": ["requirement_docs", "testcases", "test_scripts", "other_testing_artifacts"],
    "Test Case Standardization": ["testcases", "other_testing_artifacts"]
  },
  "StructuredData": {
    "Change Impact Analysis": ["defects_info", "testcase_info"],
    "Test Script Generation": ["defects_info", "testcase_info"],
    "Test Case Generation": ["defects_info", "testcase_info"],
    "Test Case Grouping": ["defects_info", "testcase_info"],
    "Test Case Optimization": ["defects_info", "testcase_info"],
    "Orphan Defect Detection": ["defects_info", "testcase_info"],
    "Duplicate Defect Detection": ["defects_info", "testcase_info"],
    "Test Suite Failure": ["defects_info", "testcase_info"],
    "Test Case Recommendation": ["defects_info", "testcase_info"],
    "Test Script Optimization": ["defects_info", "testcase_info"]
  }
}
