License,License Type,Risk Score,Library,Description,License Reference,Reference Type,Copyrights,Homepage,Download Link,Author,Project,Product
Apache 2.0,Open Source,39,json-simple-1.1.jar,A simple Java toolkit for JSON,,POM file,,http://code.google.com/p/json-simple/,https://repo.maven.apache.org/maven2/com/googlecode/json-simple/json-simple/1.1/json-simple-1.1.jar,,UI,Graviton
Apache 2.0,Open Source,39,servlet-api-5.5.12.jar,,http://tomcat.apache.org/,Project home page,2018 The Apache Software Foundation,,https://repo.maven.apache.org/maven2/tomcat/servlet-api/5.5.12/servlet-api-5.5.12.jar,,UI,Graviton
Apache 2.0,Open Source,39,commons-io-2.1.jar,"The Commons IO library contains utility classes, stream implementations, file filters, file comparators and endian classes.",https://index.whitesourcesoftware.com/gri/app/reader/resource/content/asString/cf34de58-3656-4437-bf31-f093eb647c9e,POM file,2002-2011 Copyright 2002-2011 The Apache Software Foundation,http://www.apache.org/,https://repo.maven.apache.org/maven2/commons-io/commons-io/2.1/commons-io-2.1.jar,The Apache Software Foundation,UI,Graviton
Apache 2.0,Open Source,39,spring-context-3.2.3.RELEASE.jar,Spring Context,,POM file,"2002-2013 Copyright 2002-2013 SpringSource, a division of VMware, Inc
2000-2011 Copyright 2000-2011 INRIA, France Telecom
1999-2009 Copyright 1999-2009 OW2 Consortium <http://www.ow2.org/>",https://github.com/SpringSource/spring-framework,http://repo.jfrog.org/artifactory/third-party-releases/org/springframework/spring-context/3.2.3.release/spring-context-3.2.3.release.jar,SpringSource,UI,Graviton
LGPL 3.0,Open Source,65,jfreechart-1.0.14.jar,"JFreeChart is a class library, written in Java, for generating charts. 
    Utilising the Java2D APIs, it currently supports bar charts, pie charts, 
    line charts, XY-plots and time series plots.",https://index.whitesourcesoftware.com/gri/app/reader/resource/content/asString/8981ea1a-639a-49a3-af41-2ba26b85ef74,POM file,,http://www.jfree.org/,https://repo.maven.apache.org/maven2/org/jfree/jfreechart/1.0.14/jfreechart-1.0.14.jar,JFree.org,UI,Graviton
BSD,Open Source,,asm-3.3.jar,A very small and fast Java bytecode manipulation framework,,POM file,,http://asm.objectweb.org/,https://repo.maven.apache.org/maven2/asm/asm/3.3/asm-3.3.jar,ObjectWeb,UI,Graviton
Requires Review,,,mysql-connector-java-5.1.25-bin.jar,,,,,,,,UI,Graviton
CDDL 1.0,Open Source,52,javax.servlet-3.0.jar,,https://index.whitesourcesoftware.com/gri/app/reader/resource/content/asString/e47231a8-9e78-4e95-b6b0-22234813773b,POM file,"Copyright the combination of files containing Original Software with files containing Modifications, in each c
1997-2007 Copyright 1997-2007 Copyright",http://jcp.org/en/jsr/detail?id=315,https://repo.maven.apache.org/maven2/org/glassfish/javax.servlet/3.0/javax.servlet-3.0.jar,GlassFish Community,UI,Graviton
GPL 2.0 Classpath,Open Source,65,javax.servlet-3.0.jar,,https://index.whitesourcesoftware.com/gri/app/reader/resource/content/asString/e96c8fbd-cb83-4584-9141-6ce6630e023b,POM file,"Copyright the combination of files containing Original Software with files containing Modifications, in each c
1997-2007 Copyright 1997-2007 Copyright",http://jcp.org/en/jsr/detail?id=315,https://repo.maven.apache.org/maven2/org/glassfish/javax.servlet/3.0/javax.servlet-3.0.jar,GlassFish Community,UI,Graviton
Apache 2.0,Open Source,39,spring-jdbc-3.2.3.RELEASE.jar,Spring JDBC,,POM file,"2002-2013 Copyright 2002-2013 SpringSource, a division of VMware, Inc
2000-2011 Copyright 2000-2011 INRIA, France Telecom
1999-2009 Copyright 1999-2009 OW2 Consortium <http://www.ow2.org/>",https://github.com/SpringSource/spring-framework,http://repo.jfrog.org/artifactory/third-party-releases/org/springframework/spring-jdbc/3.2.3.release/spring-jdbc-3.2.3.release.jar,SpringSource,UI,Graviton
Apache 2.0,Open Source,39,org.apache.servicemix.bundles.aopalliance-1.0-1.0.0-rc1.jar,This bundle simply wraps aopalliance-1.0.jar.,https://index.whitesourcesoftware.com/gri/app/reader/resource/content/asString/cf34de58-3656-4437-bf31-f093eb647c9e,POM file,2007-2008 Copyright 2007-2008 The Apache Software Foundation,http://www.apache.org/kernel/bundles/org.apache.servicemix.bundles.aopalliance-1.0/,https://repo.maven.apache.org/maven2/org/apache/servicemix/bundles/org.apache.servicemix.bundles.aopalliance-1.0/1.0.0-rc1/org.apache.servicemix.bundles.aopalliance-1.0-1.0.0-rc1.jar,The Apache Software Foundation,UI,Graviton
Apache 2.0,Open Source,39,scalaj-collection_2.10-1.4.jar,scalaj-collection,,POM file,org.scalaj,https://github.com/scalaj/scalaj-collection,https://repo.maven.apache.org/maven2/org/scalaj/scalaj-collection_2.10/1.4/scalaj-collection_2.10-1.4.jar,org.scalaj,UI,Graviton
Apache 2.0,Open Source,39,spring-jms-3.2.3.RELEASE.jar,Spring JMS,,POM file,"2002-2013 Copyright 2002-2013 SpringSource, a division of VMware, Inc
2000-2011 Copyright 2000-2011 INRIA, France Telecom
1999-2009 Copyright 1999-2009 OW2 Consortium <http://www.ow2.org/>",https://github.com/SpringSource/spring-framework,https://repo.maven.apache.org/maven2/org/springframework/spring-jms/3.2.3.RELEASE/spring-jms-3.2.3.RELEASE.jar,SpringSource,UI,Graviton
LGPL 2.1,Open Source,65,sqlbuilder-2.0.12.jar,Builder style classes for creating SQL queries,,POM file,2006 Health Market Science,http://openhms.sourceforge.net/sqlbuilder,https://repo.maven.apache.org/maven2/com/healthmarketscience/sqlbuilder/sqlbuilder/2.0.12/sqlbuilder-2.0.12.jar,Health Market Science,UI,Graviton
CDDL 1.1,Open Source,52,jaxb-xjc-2.2.6.jar,JAXB (JSR 222) reference implementation - Schema compiler,https://index.whitesourcesoftware.com/gri/app/reader/resource/content/asString/4536c631-af26-4900-bd7a-696040f4766c,POM file,1997-2012 Copyright 1997-2012 Oracle and/or its affiliates,http://jaxb.java.net/,https://repo.maven.apache.org/maven2/com/sun/xml/bind/jaxb-xjc/2.2.6/jaxb-xjc-2.2.6.jar,Oracle Corporation,UI,Graviton
GPL 2.0 Classpath,Open Source,65,jaxb-xjc-2.2.6.jar,JAXB (JSR 222) reference implementation - Schema compiler,https://index.whitesourcesoftware.com/gri/app/reader/resource/content/asString/e96c8fbd-cb83-4584-9141-6ce6630e023b,POM file,1997-2012 Copyright 1997-2012 Oracle and/or its affiliates,http://jaxb.java.net/,https://repo.maven.apache.org/maven2/com/sun/xml/bind/jaxb-xjc/2.2.6/jaxb-xjc-2.2.6.jar,Oracle Corporation,UI,Graviton
Apache 2.0,Open Source,39,xmlsec-1.5.4.jar,"Apache XML Security for Java supports XML-Signature Syntax and Processing,
        W3C Recommendation 12 February 2002, and XML Encryption Syntax and
        Processing, W3C Recommendation 10 December 2002. As of version 1.4,
        the library supports the standard Java API JSR-105: XML Digital Signature APIs.",https://index.whitesourcesoftware.com/gri/app/reader/resource/content/asString/cf34de58-3656-4437-bf31-f093eb647c9e,POM file,2000-2013 Copyright 2000-2013 The Apache Software Foundation,http://santuario.apache.org/,https://repo.maven.apache.org/maven2/org/apache/santuario/xmlsec/1.5.4/xmlsec-1.5.4.jar,The Apache Software Foundation,UI,Graviton
CDDL 1.1,Open Source,52,mimepull-1.8.jar,Provides a streaming API to access attachments parts in a MIME message.,https://index.whitesourcesoftware.com/gri/app/reader/resource/content/asString/4536c631-af26-4900-bd7a-696040f4766c,POM file,Oracle Corporation,http://mimepull.java.net,https://repo.maven.apache.org/maven2/org/jvnet/mimepull/mimepull/1.8/mimepull-1.8.jar,Oracle Corporation,UI,Graviton
GPL 2.0 Classpath,Open Source,65,mimepull-1.8.jar,Provides a streaming API to access attachments parts in a MIME message.,https://index.whitesourcesoftware.com/gri/app/reader/resource/content/asString/e96c8fbd-cb83-4584-9141-6ce6630e023b,POM file,Oracle Corporation,http://mimepull.java.net,https://repo.maven.apache.org/maven2/org/jvnet/mimepull/mimepull/1.8/mimepull-1.8.jar,Oracle Corporation,UI,Graviton
Requires Review,,,opencsv-2.3-1.0.jar,,,,,,,,UI,Graviton
Requires Review,,,saaj-api.jar,,,,,http://archive.apache.org/dist/netbeans/netbeans/11.3/netbeans-11.3-bin.zip,http://archive.apache.org/dist/netbeans/netbeans/11.3/netbeans-11.3-bin.zip,Eclipse,UI,Graviton
Apache 2.0,Open Source,39,log4j-1.2.17.jar,Advanced logging API and implementation.,https://index.whitesourcesoftware.com/gri/app/reader/resource/content/asString/cf34de58-3656-4437-bf31-f093eb647c9e,POM file,"1999-2005 Copyright 1999-2005 The Apache Software Foundation
2007 Copyright 2007 The Apache Software Foundation",,http://repository.threecrickets.com/maven/org/apache/logging/log4j/1.2.17/log4j-1.2.17.jar,,UI,Graviton
Apache 2.0,Open Source,39,spring-beans-3.2.3.RELEASE.jar,Spring Beans,,POM file,"2002-2013 Copyright 2002-2013 SpringSource, a division of VMware, Inc
2000-2011 Copyright 2000-2011 INRIA, France Telecom
1999-2009 Copyright 1999-2009 OW2 Consortium <http://www.ow2.org/>",https://github.com/SpringSource/spring-framework,http://repo.jfrog.org/artifactory/third-party-releases/org/springframework/spring-beans/3.2.3.release/spring-beans-3.2.3.release.jar,SpringSource,UI,Graviton
CDDL 1.1,Open Source,52,tyrus-standalone-client-1.7.jar,Tyrus bundles umbrella project module.,https://index.whitesourcesoftware.com/gri/app/reader/resource/content/asString/4536c631-af26-4900-bd7a-696040f4766c,POM file,2013-2014 Copyright 2013-2014 Oracle and/or its affiliates,https://tyrus.java.net,https://repo.maven.apache.org/maven2/org/glassfish/tyrus/bundles/tyrus-standalone-client/1.7/tyrus-standalone-client-1.7.jar,Oracle Corporation,UI,Graviton
GPL 2.0 Classpath,Open Source,65,tyrus-standalone-client-1.7.jar,Tyrus bundles umbrella project module.,https://index.whitesourcesoftware.com/gri/app/reader/resource/content/asString/e96c8fbd-cb83-4584-9141-6ce6630e023b,POM file,2013-2014 Copyright 2013-2014 Oracle and/or its affiliates,https://tyrus.java.net,https://repo.maven.apache.org/maven2/org/glassfish/tyrus/bundles/tyrus-standalone-client/1.7/tyrus-standalone-client-1.7.jar,Oracle Corporation,UI,Graviton
Apache 2.0,Open Source,39,commons-digester-jar-2.1.jar,,http://archive.apache.org/dist/incubator/openmeetings/2.0-incubating/apache-openmeetings-incubating-2.0.0.r1361497-14-07-2012_1108.zip,Eclipse OSGI Bundle,"2001-2010 Copyright 2001-2010 The Apache Software Foundation
2006-2012 Copyright 2006-2012 by respective authors
2011-2012 Copyright 2011-2012 The Apache Software Foundation",http://archive.apache.org/dist/incubator/openmeetings/2.0-incubating/apache-openmeetings-incubating-2.0.0.r1361497-14-07-2012_1108.zip,http://archive.apache.org/dist/incubator/openmeetings/2.0-incubating/apache-openmeetings-incubating-2.0.0.r1361497-14-07-2012_1108.zip,Eclipse,UI,Graviton
Apache 2.0,Open Source,39,struts2-dojo-plugin-2.3.4.1.jar,Apache Struts 2,,POM file,2000-2012 Copyright 2000-2012 Apache Software Foundation,http://struts.apache.org/2.x/,https://repo.maven.apache.org/maven2/org/apache/struts/struts2-dojo-plugin/2.3.4.1/struts2-dojo-plugin-2.3.4.1.jar,Apache Software Foundation,UI,Graviton
Apache 2.0,Open Source,39,commons-el-1.0.jar,JSP 2.0 Expression Language Interpreter Implementation,https://index.whitesourcesoftware.com/gri/app/reader/resource/content/asString/cf34de58-3656-4437-bf31-f093eb647c9e,POM file,1999-2002 Copyright 1999-2002 The Apache Software Foundation,http://jakarta.apache.org,https://repo.maven.apache.org/maven2/commons-el/commons-el/1.0/commons-el-1.0.jar,The Apache Software Foundation,UI,Graviton
Apache 2.0,Open Source,39,xbean-spring-2.8.jar,XBean is a plugin based server architecture.,,POM file,2005-2006 Copyright 2005-2006 The Apache Software Foundation,http://geronimo.apache.org/xbean,https://repo.maven.apache.org/maven2/org/apache/xbean/xbean-spring/2.8/xbean-spring-2.8.jar,Apache Software Foundation,UI,Graviton
BSD 3,Open Source,39,freemarker-2.3.19.jar,"FreeMarker is a ""template engine""; a generic tool to generate text output based on templates.",,POM file,2003 Copyright 2003 The Visigoth Software Society,http://freemarker.org,https://repo.maven.apache.org/maven2/org/freemarker/freemarker/2.3.19/freemarker-2.3.19.jar,,UI,Graviton
CDDL 1.1,Open Source,52,gmbal-api-only-3.1.0-b001.jar,gmbal API,,POM file,"1997-2007 Copyright 1997-2007 Sun Microsystems, Inc
1997-2010 Copyright 1997-2010 Oracle and/or its affiliates",http://kenai.com/hg/gmbal~master,https://repo.maven.apache.org/maven2/org/glassfish/gmbal/gmbal-api-only/3.1.0-b001/gmbal-api-only-3.1.0-b001.jar,Sun Microsystems,UI,Graviton
Apache 2.0,Open Source,39,commons-configuration-1.6.jar,"Tools to assist in the reading of configuration/preferences files in
    various formats",https://index.whitesourcesoftware.com/gri/app/reader/resource/content/asString/cf34de58-3656-4437-bf31-f093eb647c9e,POM file,2001-2008 Copyright 2001-2008 The Apache Software Foundation,http://commons.apache.org/,https://repo.maven.apache.org/maven2/commons-configuration/commons-configuration/1.6/commons-configuration-1.6.jar,The Apache Software Foundation,UI,Graviton
Mozilla 1.1,Open Source,65,javassist-3.11.0.GA.jar,"Javassist (JAVA programming ASSISTant) makes Java bytecode manipulation
     simple.  It is a class library for editing bytecodes in Java.",,POM file,,http://www.javassist.org/,https://repo.maven.apache.org/maven2/javassist/javassist/3.11.0.GA/javassist-3.11.0.GA.jar,,UI,Graviton
MIT,Open Source,39,slf4j-api-1.6.1.jar,The slf4j API,,POM file,,http://www.slf4j.org,https://repo.maven.apache.org/maven2/org/slf4j/slf4j-api/1.6.1/slf4j-api-1.6.1.jar,QOS.ch,UI,Graviton
BSD 2,Open Source,39,xsdlib-2010.1.jar,XML Schema datatypes library,,POM file,"2001-2009 Copyright 2001-2009 Sun Microsystems, Inc",http://nexus.sonatype.org/oss-repository-hosting.html/xsdlib,https://repo.maven.apache.org/maven2/com/sun/msv/datatype/xsd/xsdlib/2010.1/xsdlib-2010.1.jar,,UI,Graviton
Apache 2.0,Open Source,39,commons-daemon-1.0.1.jar,Commons Daemon,,POM file,,http://jakarta.apache.org/commons/daemon/,https://repo.maven.apache.org/maven2/commons-daemon/commons-daemon/1.0.1/commons-daemon-1.0.1.jar,,UI,Graviton
LGPL 2.1,Open Source,65,c3p0-0.9.1.1.jar,"c3p0 is an easy-to-use library for augmenting traditional (DriverManager-based) JDBC drivers with JNDI-bindable DataSources,
    including DataSources that implement Connection and Statement Pooling, as described by the jdbc3 spec and jdbc2 std extension.",,POM file,"2007 Free Software Foundation, Inc.",http://c3p0.sourceforge.net,https://repo.maven.apache.org/maven2/c3p0/c3p0/0.9.1.1/c3p0-0.9.1.1.jar,,UI,Graviton
Apache 2.0,Open Source,39,bsf-2.3.0.jar,,https://index.whitesourcesoftware.com/gri/app/reader/resource/content/asString/cf34de58-3656-4437-bf31-f093eb647c9e,POM file,,,https://repo.maven.apache.org/maven2/bsf/bsf/2.3.0/bsf-2.3.0.jar,,UI,Graviton
Apache 2.0,Open Source,39,poi-scratchpad-3.15.jar,Apache POI - Java API To Access Microsoft Format Files,https://index.whitesourcesoftware.com/gri/app/reader/resource/content/asString/cf34de58-3656-4437-bf31-f093eb647c9e,POM file,"2001-2003 Copyright 2001-2003 (c)
2003-2016 Copyright 2003-2016 The Apache Software Foundation
2004-2013 Copyright 2004-2013 QOS.ch
2006-2007 Copyright 2006-2007 Valek Filippov (frob@df.ru)
2000-2006 Copyright 2000-2006 www.hamcrest.org
2002 Copyright 2002 Yuval Oren
2000-2003 Copyright 2000-2003 BEA Systems, <http://www.bea.com/>",http://www.apache.org/,https://repo.maven.apache.org/maven2/org/apache/poi/poi-scratchpad/3.15/poi-scratchpad-3.15.jar,Apache Software Foundation,UI,Graviton
Requires Review,,,csvjdbc-1.0-21.jar,,,,,,,,UI,Graviton
Apache 2.0,Open Source,39,xmlschema-core-2.0.3.jar,"Commons XMLSchema is a light weight schema object model that can be used to manipulate or
        generate XML schema.",https://index.whitesourcesoftware.com/gri/app/reader/resource/content/asString/cf34de58-3656-4437-bf31-f093eb647c9e,POM file,"2004-2012 Copyright 2004-2012 The Apache Software Foundation
2006 Copyright 2006 International Business Machines Corp
2006-2007 Copyright 2006-2007 and licensed under the",http://ws.apache.org/commons/xmlschema20/xmlschema-core/,https://repo.maven.apache.org/maven2/org/apache/ws/xmlschema/xmlschema-core/2.0.3/xmlschema-core-2.0.3.jar,The Apache Software Foundation,UI,Graviton
Apache 1.1,Open Source,39,oro-2.0.8.jar,,https://index.whitesourcesoftware.com/gri/app/reader/resource/content/asString/297a95fa-3451-4d3e-8c5d-b1874c6a979f,POM file,2000-2002 Copyright 2000-2002 The Apache Software Foundation,,https://repo.maven.apache.org/maven2/oro/oro/2.0.8/oro-2.0.8.jar,,UI,Graviton
Apache 2.0,Open Source,39,spring-tx-3.2.3.RELEASE.jar,Spring Transaction,,POM file,"2002-2013 Copyright 2002-2013 SpringSource, a division of VMware, Inc
2000-2011 Copyright 2000-2011 INRIA, France Telecom
1999-2009 Copyright 1999-2009 OW2 Consortium <http://www.ow2.org/>",https://github.com/SpringSource/spring-framework,http://repo.jfrog.org/artifactory/third-party-releases/org/springframework/spring-tx/3.2.3.release/spring-tx-3.2.3.release.jar,SpringSource,UI,Graviton
Requires Review,,,spring-build-src-3.2.3.RELEASE.jar,,,,,,,,UI,Graviton
CDDL 1.1,Open Source,52,policy-2.3.1.jar,WS-Policy implementation for Project Metro,https://index.whitesourcesoftware.com/gri/app/reader/resource/content/asString/4536c631-af26-4900-bd7a-696040f4766c,POM file,1997-2011 Copyright 1997-2011 Oracle and/or its affiliates,http://policy.java.net/,https://repo.maven.apache.org/maven2/com/sun/xml/ws/policy/2.3.1/policy-2.3.1.jar,Oracle Corporation,UI,Graviton
GPL 2.0 Classpath,Open Source,65,policy-2.3.1.jar,WS-Policy implementation for Project Metro,https://index.whitesourcesoftware.com/gri/app/reader/resource/content/asString/e96c8fbd-cb83-4584-9141-6ce6630e023b,POM file,1997-2011 Copyright 1997-2011 Oracle and/or its affiliates,http://policy.java.net/,https://repo.maven.apache.org/maven2/com/sun/xml/ws/policy/2.3.1/policy-2.3.1.jar,Oracle Corporation,UI,Graviton
CDDL 1.1,Open Source,52,streambuffer-1.5.jar,Stream based representation for XML infoset,https://index.whitesourcesoftware.com/gri/app/reader/resource/content/asString/4536c631-af26-4900-bd7a-696040f4766c,POM file,1997-2011 Copyright 1997-2011 Oracle and/or its affiliates,http://xmlstreambuffer.java.net/,https://repo.maven.apache.org/maven2/com/sun/xml/stream/buffer/streambuffer/1.5/streambuffer-1.5.jar,,UI,Graviton
GPL 2.0 Classpath,Open Source,65,streambuffer-1.5.jar,Stream based representation for XML infoset,https://index.whitesourcesoftware.com/gri/app/reader/resource/content/asString/e96c8fbd-cb83-4584-9141-6ce6630e023b,POM file,1997-2011 Copyright 1997-2011 Oracle and/or its affiliates,http://xmlstreambuffer.java.net/,https://repo.maven.apache.org/maven2/com/sun/xml/stream/buffer/streambuffer/1.5/streambuffer-1.5.jar,,UI,Graviton
Common Public 1.0,Open Source,52,wsdl4j-1.6.3.jar,Java stub generator for WSDL,,POM file,Unspecified Copyright,http://sf.net/projects/wsdl4j,https://repo.maven.apache.org/maven2/wsdl4j/wsdl4j/1.6.3/wsdl4j-1.6.3.jar,,UI,Graviton
Apache 2.0,Open Source,39,commons-net-3.3-ftp.jar,"Apache Commons Net library contains a collection of network utilities and protocol implementations.
Supported protocols include: Echo, Finger, FTP, NNTP, NTP, POP3(S), SMTP(S), Telnet, Whois",,POM file,2001-2013 Copyright 2001-2013 The Apache Software Foundation,http://commons.apache.org/proper/commons-net/,https://repo.maven.apache.org/maven2/commons-net/commons-net/3.3/commons-net-3.3.jar,The Apache Software Foundation,UI,Graviton
CDDL 1.1,Open Source,52,jaxb-impl-2.2.6.jar,JAXB (JSR 222) Reference Implementation,https://index.whitesourcesoftware.com/gri/app/reader/resource/content/asString/4536c631-af26-4900-bd7a-696040f4766c,POM file,1997-2011 Copyright 1997-2011 Oracle and/or its affiliates,http://jaxb.java.net/,https://repo.maven.apache.org/maven2/com/sun/xml/bind/jaxb-impl/2.2.6/jaxb-impl-2.2.6.jar,Oracle Corporation,UI,Graviton
GPL 2.0 Classpath,Open Source,65,jaxb-impl-2.2.6.jar,JAXB (JSR 222) Reference Implementation,https://index.whitesourcesoftware.com/gri/app/reader/resource/content/asString/e96c8fbd-cb83-4584-9141-6ce6630e023b,POM file,1997-2011 Copyright 1997-2011 Oracle and/or its affiliates,http://jaxb.java.net/,https://repo.maven.apache.org/maven2/com/sun/xml/bind/jaxb-impl/2.2.6/jaxb-impl-2.2.6.jar,Oracle Corporation,UI,Graviton
AGPL 3.0,Open Source,91,xmlworker-5.4.1.jar,"Parses XML to PDF, with CSS support, using iText",,POM file,"2007 Copyright 2007 Free Software Foundation,",http://www.itextpdf.com/,https://repo.maven.apache.org/maven2/com/itextpdf/tool/xmlworker/5.4.1/xmlworker-5.4.1.jar,,UI,Graviton
Requires Review,,,asm-util.jar,,,,,,,,UI,Graviton
BSD,Open Source,,asm-tree-3.3.jar,A very small and fast Java bytecode manipulation framework,,POM file,,http://asm.objectweb.org/,https://repo.maven.apache.org/maven2/asm/asm-tree/3.3/asm-tree-3.3.jar,ObjectWeb,UI,Graviton
Requires Review,,,casbah-core_2.8.1-2.1.2.jar,,,,,,https://repo.maven.apache.org/maven2/com/mongodb/casbah/casbah-core_2.8.1/2.1.2/casbah-core_2.8.1-2.1.2.jar,,UI,Graviton
Apache 2.0,Open Source,39,sqlsheet-6.5.jar,Jdbc API for xls/xlsx files using POI,,POM file,,http://code.google.com/p/sqlsheet/,https://repo.maven.apache.org/maven2/com/google/code/sqlsheet/sqlsheet/6.5/sqlsheet-6.5.jar,,UI,Graviton
Apache 2.0,Open Source,39,spring-web-3.2.3.RELEASE.jar,Spring Web,,POM file,"2002-2013 Copyright 2002-2013 SpringSource, a division of VMware, Inc
2000-2011 Copyright 2000-2011 INRIA, France Telecom
1999-2009 Copyright 1999-2009 OW2 Consortium <http://www.ow2.org/>",https://github.com/SpringSource/spring-framework,http://repo.jfrog.org/artifactory/third-party-releases/org/springframework/spring-web/3.2.3.release/spring-web-3.2.3.release.jar,SpringSource,UI,Graviton
Apache 2.0,Open Source,39,commons-chain-1.2.jar,An implementation of the GoF Chain of Responsibility pattern,,POM file,2003-2008 Copyright 2003-2008 The Apache Software Foundation,http://commons.apache.org/chain/,https://repo.maven.apache.org/maven2/commons-chain/commons-chain/1.2/commons-chain-1.2.jar,The Apache Software Foundation,UI,Graviton
Apache 2.0,Open Source,39,poi-3.15.jar,Apache POI - Java API To Access Microsoft Format Files,https://index.whitesourcesoftware.com/gri/app/reader/resource/content/asString/cf34de58-3656-4437-bf31-f093eb647c9e,POM file,"2001-2003 Copyright 2001-2003 (c)
2003-2016 Copyright 2003-2016 The Apache Software Foundation
2004-2013 Copyright 2004-2013 QOS.ch
2000-2006 Copyright 2000-2006 www.hamcrest.org
2006-2007 Copyright 2006-2007 Valek Filippov (frob@df.ru)
2002 Copyright 2002 Yuval Oren
2000-2003 Copyright 2000-2003 BEA Systems, <http://www.bea.com/>",http://www.apache.org/,https://repo.maven.apache.org/maven2/org/apache/poi/poi/3.15/poi-3.15.jar,Apache Software Foundation,UI,Graviton
Apache 2.0,Open Source,39,struts2-core-2.3.4.1.jar,Apache Struts 2,https://index.whitesourcesoftware.com/gri/app/reader/resource/content/asString/6680d944-4f6c-4161-984f-5ea175a81145,POM file,2000-2012 Copyright 2000-2012 Apache Software Foundation,http://struts.apache.org/2.x/,https://repo.maven.apache.org/maven2/org/apache/struts/struts2-core/2.3.4.1/struts2-core-2.3.4.1.jar,Apache Software Foundation,UI,Graviton
OpenSymphony 1.1,Open Source,,struts2-core-2.3.4.1.jar,Apache Struts 2,https://index.whitesourcesoftware.com/gri/app/reader/resource/content/asString/244476a3-71d6-4bc7-9a51-8df350edff2c,POM file,2000-2012 Copyright 2000-2012 Apache Software Foundation,http://struts.apache.org/2.x/,https://repo.maven.apache.org/maven2/org/apache/struts/struts2-core/2.3.4.1/struts2-core-2.3.4.1.jar,Apache Software Foundation,UI,Graviton
BSD 3,Open Source,39,struts2-core-2.3.4.1.jar,Apache Struts 2,https://index.whitesourcesoftware.com/gri/app/reader/resource/content/asString/0efaa185-ae80-4c98-8771-9239dc7d7528,POM file,2000-2012 Copyright 2000-2012 Apache Software Foundation,http://struts.apache.org/2.x/,https://repo.maven.apache.org/maven2/org/apache/struts/struts2-core/2.3.4.1/struts2-core-2.3.4.1.jar,Apache Software Foundation,UI,Graviton
Apache 2.0,Open Source,39,spring-orm-3.2.3.RELEASE.jar,Spring Object/Relational Mapping,,POM file,"2002-2013 Copyright 2002-2013 SpringSource, a division of VMware, Inc
2000-2011 Copyright 2000-2011 INRIA, France Telecom
1999-2009 Copyright 1999-2009 OW2 Consortium <http://www.ow2.org/>",https://github.com/SpringSource/spring-framework,https://repo.maven.apache.org/maven2/org/springframework/spring-orm/3.2.3.RELEASE/spring-orm-3.2.3.RELEASE.jar,SpringSource,UI,Graviton
Requires Review,,,j2ep-1.0.jar,,,,,,,,UI,Graviton
Apache 2.0,Open Source,39,xmlbeans-2.6.0.jar,XmlBeans main jar,null,POM file,"1999-2003 Copyright 1999-2003 Apache Software Foundation
2001-2003 Copyright 2001-2003 (c) World Wide Web
2001-2003 Copyright 2001-2003 Apache Software Foundation
2005 Copyright 2005 BEA under the terms of the Apache Software License 2.0
2000-2003 Copyright 2000-2003 BEA Systems, <http://www.bea.com/>
2002 Copyright 2002 Yuval Oren under the terms of the Apache Software License 2.0",http://xmlbeans.apache.org/,https://repo.maven.apache.org/maven2/org/apache/xmlbeans/xmlbeans/2.6.0/xmlbeans-2.6.0.jar,XmlBeans,UI,Graviton
BEA JSR 173,Open Source,,xmlbeans-2.6.0.jar,XmlBeans main jar,https://index.whitesourcesoftware.com/gri/app/reader/resource/content/asString/7815c798-6c24-4783-a4dd-25b2c85ec4fb,POM file,"1999-2003 Copyright 1999-2003 Apache Software Foundation
2001-2003 Copyright 2001-2003 (c) World Wide Web
2001-2003 Copyright 2001-2003 Apache Software Foundation
2005 Copyright 2005 BEA under the terms of the Apache Software License 2.0
2000-2003 Copyright 2000-2003 BEA Systems, <http://www.bea.com/>
2002 Copyright 2002 Yuval Oren under the terms of the Apache Software License 2.0",http://xmlbeans.apache.org/,https://repo.maven.apache.org/maven2/org/apache/xmlbeans/xmlbeans/2.6.0/xmlbeans-2.6.0.jar,XmlBeans,UI,Graviton
CDDL 1.1,Open Source,52,saaj-impl-1.3.19.jar,Open source Reference Implementation of JSR-67: SOAP with Attachments API for Java (SAAJ MR :1.3),https://index.whitesourcesoftware.com/gri/app/reader/resource/content/asString/4536c631-af26-4900-bd7a-696040f4766c,POM file,2011 Copyright 2011 Oracle and/or its affiliates,http://www.oracle.com/,https://repo.maven.apache.org/maven2/com/sun/xml/messaging/saaj/saaj-impl/1.3.19/saaj-impl-1.3.19.jar,Oracle,UI,Graviton
GPL 2.0 Classpath,Open Source,65,saaj-impl-1.3.19.jar,Open source Reference Implementation of JSR-67: SOAP with Attachments API for Java (SAAJ MR :1.3),https://index.whitesourcesoftware.com/gri/app/reader/resource/content/asString/e96c8fbd-cb83-4584-9141-6ce6630e023b,POM file,2011 Copyright 2011 Oracle and/or its affiliates,http://www.oracle.com/,https://repo.maven.apache.org/maven2/com/sun/xml/messaging/saaj/saaj-impl/1.3.19/saaj-impl-1.3.19.jar,Oracle,UI,Graviton
Requires Review,,,gson-2.2.jar,,,,,,,,UI,Graviton
Apache 2.0,Open Source,39,commons-codec-1.3.jar,"The codec package contains simple encoder and decoders for
   various formats such as Base64 and Hexadecimal.  In addition to these
   widely used encoders and decoders, the codec package also maintains a
   collection of phonetic encoding utilities.",https://index.whitesourcesoftware.com/gri/app/reader/resource/content/asString/cf34de58-3656-4437-bf31-f093eb647c9e,POM file,,http://jakarta.apache.org,https://repo.maven.apache.org/maven2/commons-codec/commons-codec/1.3/commons-codec-1.3.jar,The Apache Software Foundation,UI,Graviton
Apache 2.0,Open Source,39,spring-aspects-3.2.3.RELEASE.jar,Spring Aspects,,POM file,"2002-2013 Copyright 2002-2013 SpringSource, a division of VMware, Inc
2000-2011 Copyright 2000-2011 INRIA, France Telecom
1999-2009 Copyright 1999-2009 OW2 Consortium <http://www.ow2.org/>",https://github.com/SpringSource/spring-framework,https://repo.maven.apache.org/maven2/org/springframework/spring-aspects/3.2.3.RELEASE/spring-aspects-3.2.3.RELEASE.jar,SpringSource,UI,Graviton
CDDL 1.1,Open Source,52,management-api-3.0.0-b012.jar,GlassFish Common APIs,,POM file,"1997-2007 Copyright 1997-2007 Sun Microsystems, Inc",http://kenai.com/hg/gmbal~gf_common,https://repo.maven.apache.org/maven2/org/glassfish/external/management-api/3.0.0-b012/management-api-3.0.0-b012.jar,Sun Microsystems,UI,Graviton
Apache 2.0,Open Source,39,compilation-toolbox-0.3.3.jar,Java compilation and class loading utility,,POM file,,http://code.google.com/p/compilation-toolbox,https://repo.maven.apache.org/maven2/org/abstractmeta/compilation-toolbox/0.3.3/compilation-toolbox-0.3.3.jar,,UI,Graviton
Apache 2.0,Open Source,39,spring-oxm-3.2.3.RELEASE.jar,Spring Object/XML Marshalling,,POM file,"2002-2013 Copyright 2002-2013 SpringSource, a division of VMware, Inc
2000-2011 Copyright 2000-2011 INRIA, France Telecom
1999-2009 Copyright 1999-2009 OW2 Consortium <http://www.ow2.org/>",https://github.com/SpringSource/spring-framework,https://repo.maven.apache.org/maven2/org/springframework/spring-oxm/3.2.3.RELEASE/spring-oxm-3.2.3.RELEASE.jar,SpringSource,UI,Graviton
Requires Review,,,jsqlparser-0.8.0.jar,,,,,,,,UI,Graviton
BSD 3,Open Source,39,scala-library-2.11.5.jar,Standard library for the Scala Programming Language,,POM file,"2011 Copyright 2011 class=""current-year""> </span> <a href=""https://www.lightbend.com/"">Lightbend, In
2002-2020 Copyright 2002-2020 École Polytechnique Fédérale <br>Lausanne (EPFL) Lausanne, Switzerland</p>
2002 Copyright 2002 class=""current-year""> </span> <a href=""https://lamp.epfl.ch/"">EPFL</a><br />",http://www.scala-lang.org/,https://repo.maven.apache.org/maven2/org/scala-lang/scala-library/2.11.5/scala-library-2.11.5.jar,LAMP/EPFL,UI,Graviton
Apache 2.0,Open Source,39,spring-instrument-tomcat-3.2.3.RELEASE.jar,Spring Instrument Tomcat,,POM file,"2002-2013 Copyright 2002-2013 SpringSource, a division of VMware, Inc
2000-2011 Copyright 2000-2011 INRIA, France Telecom
1999-2009 Copyright 1999-2009 OW2 Consortium <http://www.ow2.org/>",https://github.com/SpringSource/spring-framework,https://repo.maven.apache.org/maven2/org/springframework/spring-instrument-tomcat/3.2.3.RELEASE/spring-instrument-tomcat-3.2.3.RELEASE.jar,SpringSource,UI,Graviton
Apache 2.0,Open Source,39,commons-lang3-3.1.jar,,http://archive.apache.org/dist/cassandra/4.0-alpha1/apache-cassandra-4.0-alpha1-bin.tar.gz,Eclipse OSGI Bundle,2001-2011 Copyright 2001-2011 The Apache Software Foundation,http://archive.apache.org/dist/cassandra/4.0-alpha1/apache-cassandra-4.0-alpha1-bin.tar.gz,http://archive.apache.org/dist/cassandra/4.0-alpha1/apache-cassandra-4.0-alpha1-bin.tar.gz,Eclipse,UI,Graviton
LGPL 3.0,Open Source,65,zcommon-6.0.2.jar,The ZKoss common library,,POM file,,http://www.zkoss.org/common,https://repo.maven.apache.org/maven2/org/zkoss/common/zcommon/6.0.2/zcommon-6.0.2.jar,,UI,Graviton
Requires Review,,,jaxws-rt.jar,,,,,,,,UI,Graviton
Apache 2.0,Open Source,39,spring-aop-3.2.3.RELEASE.jar,Spring AOP,,POM file,"2002-2013 Copyright 2002-2013 SpringSource, a division of VMware, Inc
2000-2011 Copyright 2000-2011 INRIA, France Telecom
1999-2009 Copyright 1999-2009 OW2 Consortium <http://www.ow2.org/>",https://github.com/SpringSource/spring-framework,https://repo.maven.apache.org/maven2/org/springframework/spring-aop/3.2.3.RELEASE/spring-aop-3.2.3.RELEASE.jar,SpringSource,UI,Graviton
BSD,Open Source,,stax2-api-3.1.1-sources.jar,,null,POM file,Codehaus,http://woodstox.codehaus.org/StAX2,http://central.maven.org/maven2/org/codehaus/woodstox/stax2-api/3.1.1/stax2-api-3.1.1.jar,Codehaus,UI,Graviton
Apache 2.0,Open Source,39,google-gxp-0.2.4-beta.jar,Google XML Pages (GXP) is a templating system used to generate XML/SGML markup (most often HTML).,https://index.whitesourcesoftware.com/gri/app/reader/resource/content/asString/0b238808-369e-430a-acdc-9d1b14d61470,POM file,"2003 Copyright 2003 Kohsuke Kawaguchi
1999 Copyright 1999 Sun Microsystems., http://www.sun.com
1999-2006 Copyright 1999-2006 The Apache Software Foundation
1999 Copyright 1999 IBM Corporation., http://www.ibm.com",http://code.google.com/p/gxp/,https://repo.maven.apache.org/maven2/com/google/gxp/google-gxp/0.2.4-beta/google-gxp-0.2.4-beta.jar,Google,UI,Graviton
BSD 2,Open Source,39,google-gxp-0.2.4-beta.jar,Google XML Pages (GXP) is a templating system used to generate XML/SGML markup (most often HTML).,https://index.whitesourcesoftware.com/gri/app/reader/resource/content/asString/8a87c4d3-309c-4ad4-824d-5e84e06bdac4,POM file,"2003 Copyright 2003 Kohsuke Kawaguchi
1999 Copyright 1999 Sun Microsystems., http://www.sun.com
1999-2006 Copyright 1999-2006 The Apache Software Foundation
1999 Copyright 1999 IBM Corporation., http://www.ibm.com",http://code.google.com/p/gxp/,https://repo.maven.apache.org/maven2/com/google/gxp/google-gxp/0.2.4-beta/google-gxp-0.2.4-beta.jar,Google,UI,Graviton
Apache 2.0,Open Source,39,stax-api-1.0.1.jar,StAX API is the standard java XML processing API defined by JSR-173,https://index.whitesourcesoftware.com/gri/app/reader/resource/content/asString/95ddbdb6-c8f5-463d-93ea-ba4cfdb7d7f7,POM file,,,https://repo.maven.apache.org/maven2/stax/stax-api/1.0.1/stax-api-1.0.1.jar,,UI,Graviton
Apache 2.0,Open Source,39,tomcat-catalina-7.0.52.jar,Tomcat Servlet Engine Core Classes and Standard implementations,https://index.whitesourcesoftware.com/gri/app/reader/resource/content/asString/cf34de58-3656-4437-bf31-f093eb647c9e,POM file,1999-2014 Copyright 1999-2014 The Apache Software Foundation,http://tomcat.apache.org/,https://repo.maven.apache.org/maven2/org/apache/tomcat/tomcat-catalina/7.0.52/tomcat-catalina-7.0.52.jar,,UI,Graviton
Requires Review,,,jersey-json-1.9.1.jar,,,,,,,,UI,Graviton
Apache 2.0,Open Source,39,commons-httpclient-3.1.jar,"The HttpClient  component supports the client-side of RFC 1945 (HTTP/1.0)  and RFC 2616 (HTTP/1.1) , several related specifications (RFC 2109 (Cookies) , RFC 2617 (HTTP Authentication) , etc.), and provides a framework by which new request types (methods) or HTTP extensions can be created easily.",https://index.whitesourcesoftware.com/gri/app/reader/resource/content/asString/cf34de58-3656-4437-bf31-f093eb647c9e,POM file,"1999-2007 Copyright 1999-2007 The Apache Software Foundation
2019 Copyright 2019 The Apache Software Foundation, Licensed under the <a class=""white"" href=""/licen",http://jakarta.apache.org/,https://repo.maven.apache.org/maven2/commons-httpclient/commons-httpclient/3.1/commons-httpclient-3.1.jar,Apache Software Foundation,UI,Graviton
Apache 2.0,Open Source,39,commons-beanutils-core-1.8.0.jar,,https://index.whitesourcesoftware.com/gri/app/reader/resource/content/asString/cf34de58-3656-4437-bf31-f093eb647c9e,POM file,2000-2008 Copyright 2000-2008 The Apache Software Foundation,http://www.apache.org/,https://repo.maven.apache.org/maven2/commons-beanutils/commons-beanutils-core/1.8.0/commons-beanutils-core-1.8.0.jar,The Apache Software Foundation,UI,Graviton
Apache 2.0,Open Source,39,poi-ooxml-schemas-3.15.jar,Apache POI - Java API To Access Microsoft Format Files,https://index.whitesourcesoftware.com/gri/app/reader/resource/content/asString/cf34de58-3656-4437-bf31-f093eb647c9e,POM file,"2001-2003 Copyright 2001-2003 (c)
2003-2016 Copyright 2003-2016 The Apache Software Foundation
2004-2013 Copyright 2004-2013 QOS.ch
2006-2007 Copyright 2006-2007 Valek Filippov (frob@df.ru)
2000-2006 Copyright 2000-2006 www.hamcrest.org
2002 Copyright 2002 Yuval Oren
2000-2003 Copyright 2000-2003 BEA Systems, <http://www.bea.com/>",http://poi.apache.org/,https://repo.maven.apache.org/maven2/org/apache/poi/poi-ooxml-schemas/3.15/poi-ooxml-schemas-3.15.jar,Apache Software Foundation,UI,Graviton
Apache 2.0,Open Source,39,commons-beanutils-1.8.0.jar,BeanUtils provides an easy-to-use but flexible wrapper around reflection and introspection.,https://index.whitesourcesoftware.com/gri/app/reader/resource/content/asString/cf34de58-3656-4437-bf31-f093eb647c9e,POM file,2000-2008 Copyright 2000-2008 The Apache Software Foundation,http://www.apache.org/,https://repo.maven.apache.org/maven2/commons-beanutils/commons-beanutils/1.8.0/commons-beanutils-1.8.0.jar,The Apache Software Foundation,UI,Graviton
Apache 2.0,Open Source,39,commons-validator-1.3.1.jar,"Commons Validator provides the building blocks for both client side validation
    and server side data validation. It may be used standalone or with a framework like
    Struts.",https://index.whitesourcesoftware.com/gri/app/reader/resource/content/asString/cf34de58-3656-4437-bf31-f093eb647c9e,POM file,2001-2006 Copyright 2001-2006 The Apache Software Foundation,http://jakarta.apache.org,https://repo.maven.apache.org/maven2/commons-validator/commons-validator/1.3.1/commons-validator-1.3.1.jar,The Apache Software Foundation,UI,Graviton
CDDL 1.1,Open Source,52,stax-ex-1.7.jar,Extensions to JSR-173 StAX API.,https://index.whitesourcesoftware.com/gri/app/reader/resource/content/asString/4536c631-af26-4900-bd7a-696040f4766c,POM file,1997-2011 Copyright 1997-2011 Oracle and/or its affiliates,http://stax-ex.java.net/,https://repo.maven.apache.org/maven2/org/jvnet/staxex/stax-ex/1.7/stax-ex-1.7.jar,,UI,Graviton
GPL 2.0 Classpath,Open Source,65,stax-ex-1.7.jar,Extensions to JSR-173 StAX API.,https://index.whitesourcesoftware.com/gri/app/reader/resource/content/asString/e96c8fbd-cb83-4584-9141-6ce6630e023b,POM file,1997-2011 Copyright 1997-2011 Oracle and/or its affiliates,http://stax-ex.java.net/,https://repo.maven.apache.org/maven2/org/jvnet/staxex/stax-ex/1.7/stax-ex-1.7.jar,,UI,Graviton
Requires Review,,,tika-app-1.14.jar,,,,,,,,UI,Graviton
Requires Review,,,mongo-shell-like-query.jar,,,,,,,,UI,Graviton
Jacob,Open Source,,jacob-1.18.jar,JACOB is a JAVA-COM Bridge that allows you to call COM Automation components from Java. It uses JNI to make native calls to the COM libraries. JACOB runs on x86 and x64 environments supporting 32 bit and 64 bit JVMs.,,POM file,,http://code.google.com/webtoolkit/,https://repo.maven.apache.org/maven2/com/hynnet/jacob/1.18/jacob-1.18.jar,,UI,Graviton
BSD 3,Open Source,39,asm-commons-3.3.jar,A very small and fast Java bytecode manipulation framework,,POM file,,http://asm.objectweb.org/,https://repo.maven.apache.org/maven2/asm/asm-commons/3.3/asm-commons-3.3.jar,ObjectWeb,UI,Graviton
BSD 2,Open Source,39,stax2-api.jar,,http://archive.apache.org/dist/netbeans/netbeans/11.3/netbeans-11.3-bin.zip,Eclipse OSGI Bundle,2004-2010 Copyright 2004-2010 Woodstox Project,http://archive.apache.org/dist/netbeans/netbeans/11.3/netbeans-11.3-bin.zip,http://archive.apache.org/dist/netbeans/netbeans/11.3/netbeans-11.3-bin.zip,Eclipse,UI,Graviton
BSD 3,Open Source,39,stax2-api.jar,,http://archive.apache.org/dist/netbeans/netbeans/11.3/netbeans-11.3-bin.zip,Eclipse OSGI Bundle,2004-2010 Copyright 2004-2010 Woodstox Project,http://archive.apache.org/dist/netbeans/netbeans/11.3/netbeans-11.3-bin.zip,http://archive.apache.org/dist/netbeans/netbeans/11.3/netbeans-11.3-bin.zip,Eclipse,UI,Graviton
Unspecified License,Open Source,,jaxws-spring-1.8.jar,Configure JAX-WS with Spring,https://jax-ws-commons.dev.java.net/,Other,,https://jax-ws-commons.dev.java.net/,https://repo.maven.apache.org/maven2/org/jvnet/jax-ws-commons/spring/jaxws-spring/1.8/jaxws-spring-1.8.jar,,UI,Graviton
Apache 2.0,Open Source,39,struts2-jquery-plugin-2.5.3.jar,Parent project for Struts2 jQuery integration.,,POM file,,http://code.google.com/p/struts2-jquery,https://repo.maven.apache.org/maven2/com/jgeppert/struts2/jquery/struts2-jquery-plugin/2.5.3/struts2-jquery-plugin-2.5.3.jar,,UI,Graviton
Apache 2.0,Open Source,39,spring-test-3.2.3.RELEASE.jar,Spring TestContext Framework,,POM file,"2002-2013 Copyright 2002-2013 SpringSource, a division of VMware, Inc
2000-2011 Copyright 2000-2011 INRIA, France Telecom
1999-2009 Copyright 1999-2009 OW2 Consortium <http://www.ow2.org/>",https://github.com/SpringSource/spring-framework,https://repo.maven.apache.org/maven2/org/springframework/spring-test/3.2.3.RELEASE/spring-test-3.2.3.RELEASE.jar,SpringSource,UI,Graviton
LGPL 3.0,Open Source,65,jxl-2.6.12.jar,"JExcelApi is a java library which provides the ability to read, write, and modify Microsoft Excel spreadsheets.",https://index.whitesourcesoftware.com/gri/app/reader/resource/content/asString/8981ea1a-639a-49a3-af41-2ba26b85ef74,POM file,,,https://repo.maven.apache.org/maven2/net/sourceforge/jexcelapi/jxl/2.6.12/jxl-2.6.12.jar,,UI,Graviton
Apache 2.0,Open Source,39,spring-expression-3.2.3.RELEASE.jar,Spring Expression Language (SpEL),,POM file,"2002-2013 Copyright 2002-2013 SpringSource, a division of VMware, Inc
2000-2011 Copyright 2000-2011 INRIA, France Telecom
1999-2009 Copyright 1999-2009 OW2 Consortium <http://www.ow2.org/>",https://github.com/SpringSource/spring-framework,http://repo.jfrog.org/artifactory/third-party-releases/org/springframework/spring-expression/3.2.3.release/spring-expression-3.2.3.release.jar,SpringSource,UI,Graviton
Apache 2.0,Open Source,39,commons-net-3.0.1.jar,"Apache Commons Net library contains a collection of network utilities and protocol implementations.
Supported protocols include: Echo, Finger, FTP, NNTP, NTP, POP3(S), SMTP(S), Telnet, Whois",https://index.whitesourcesoftware.com/gri/app/reader/resource/content/asString/cf34de58-3656-4437-bf31-f093eb647c9e,POM file,2001-2011 Copyright 2001-2011 The Apache Software Foundation,http://commons.apache.org/net/,https://repo.maven.apache.org/maven2/commons-net/commons-net/3.0.1/commons-net-3.0.1.jar,The Apache Software Foundation,UI,Graviton
Apache 2.0,Open Source,39,xmltooling-1.3.2-1.jar,"XMLTooling-J is a low-level library that may be used to construct libraries that allow developers to work with
        XML in a Java beans manner.",https://index.whitesourcesoftware.com/gri/app/reader/resource/content/asString/95ddbdb6-c8f5-463d-93ea-ba4cfdb7d7f7,POM file,Internet2,http://opensaml.org/,https://repo.maven.apache.org/maven2/org/opensaml/xmltooling/1.3.2-1/xmltooling-1.3.2-1.jar,Internet2,UI,Graviton
Requires Review,,,jcommon-1.0.17.jar,,,,,,,,UI,Graviton
Apache 2.0,Open Source,39,FastInfoset-1.2.12.jar,Open Source implementation of the Fast Infoset Standard for Binary XML (http://www.itu.int/ITU-T/asn1/).,,POM file,,http://fi.java.net,https://repo.maven.apache.org/maven2/com/sun/xml/fastinfoset/FastInfoset/1.2.12/FastInfoset-1.2.12.jar,Oracle Corpration,UI,Graviton
GPL 2.0,Open Source,78,mysql-connector-java-5.1.2.jar,MySQL JDBC Type 4 driver,,POM file,2003 Copyright 2003 MySQL AB,http://dev.mysql.com/doc/connector-j/en/,https://repo.maven.apache.org/maven2/mysql/mysql-connector-java/5.1.2/mysql-connector-java-5.1.2.jar,Oracle Corporation,UI,Graviton
Apache 2.0,Open Source,39,wss4j-1.6.10.jar,"The Apache WSS4J project provides a Java implementation of the primary security standards 
        for Web Services, namely the OASIS Web Services Security (WS-Security) specifications 
        from the OASIS Web Services Security TC.",https://index.whitesourcesoftware.com/gri/app/reader/resource/content/asString/cf34de58-3656-4437-bf31-f093eb647c9e,POM file,2004-2013 Copyright 2004-2013 The Apache Software Foundation,http://ws.apache.org/wss4j/,https://repo.maven.apache.org/maven2/org/apache/ws/security/wss4j/1.6.10/wss4j-1.6.10.jar,The Apache Software Foundation,UI,Graviton
BSD 3,Open Source,39,antlr-2.7.2.jar,,https://github.com/antlr/antlr4/blob/master/LICENSE.txt,Project home page,2022 The ANTLR Project,,https://repo.maven.apache.org/maven2/antlr/antlr/2.7.2/antlr-2.7.2.jar,,UI,Graviton
Apache 2.0,Open Source,39,commons-lang-2.4.jar,"Commons Lang, a package of Java utility classes for the
        classes that are in java.lang's hierarchy, or are considered to be so
        standard as to justify existence in java.lang.",https://index.whitesourcesoftware.com/gri/app/reader/resource/content/asString/cf34de58-3656-4437-bf31-f093eb647c9e,POM file,2001-2008 Copyright 2001-2008 The Apache Software Foundation,http://www.apache.org/,https://repo.maven.apache.org/maven2/commons-lang/commons-lang/2.4/commons-lang-2.4.jar,The Apache Software Foundation,UI,Graviton
Apache 2.0,Open Source,39,mongo-java-driver-2.12.4.jar,The MongoDB Java driver,,POM file,"2008-2013 Copyright 2008-2013 10gen, Inc",http://www.mongodb.org,https://repo.maven.apache.org/maven2/org/mongodb/mongo-java-driver/2.12.4/mongo-java-driver-2.12.4.jar,,UI,Graviton
Apache 2.0,Open Source,39,commons-logging-api-1.1.jar,"Commons Logging is a thin adapter allowing configurable bridging to other,
    well known logging systems.",https://index.whitesourcesoftware.com/gri/app/reader/resource/content/asString/cf34de58-3656-4437-bf31-f093eb647c9e,POM file,,http://jakarta.apache.org,https://repo.maven.apache.org/maven2/commons-logging/commons-logging-api/1.1/commons-logging-api-1.1.jar,The Apache Software Foundation,UI,Graviton
Apache 2.0,Open Source,39,commons-beanutils-1.7.0.jar,,https://index.whitesourcesoftware.com/gri/app/reader/resource/content/asString/0574ee29-903e-4763-906b-d42c5b649a59,POM file,2021 The Apache Software Foundation,,https://repo.maven.apache.org/maven2/commons-beanutils/commons-beanutils/1.7.0/commons-beanutils-1.7.0.jar,,UI,Graviton
Apache 2.0,Open Source,39,xml-resolver-1.2.jar,"xml-commons provides an Apache-hosted set of DOM, SAX, and 
    JAXP interfaces for use in other xml-based projects. Our hope is that we 
    can standardize on both a common version and packaging scheme for these 
    critical XML standards interfaces to make the lives of both our developers 
    and users easier.",,POM file,2021 The Apache Software Foundation,http://xml.apache.org/commons/components/resolver/,https://repo.maven.apache.org/maven2/xml-resolver/xml-resolver/1.2/xml-resolver-1.2.jar,Apache Software Foundation,UI,Graviton
CDDL 1.1,Open Source,52,mail-1.4.jar,The JavaMail API provides a platform-independent and protocol-independent framework to build mail and messaging applications.,,POM file,,https://glassfish.dev.java.net/javaee5/mail/,https://repo.maven.apache.org/maven2/javax/mail/mail/1.4/mail-1.4.jar,,UI,Graviton
LGPL 2.1,Open Source,65,common-util-1.0.4.jar,OpenHMS Common Utilities,,POM file,2006 Health Market Science,http://openhms.sourceforge.net/common-util,https://repo.maven.apache.org/maven2/com/healthmarketscience/common/common-util/1.0.4/common-util-1.0.4.jar,Health Market Science,UI,Graviton
MIT,Open Source,39,slf4j-log4j12-1.6.1.jar,The slf4j log4j-12 binding,,POM file,,http://www.slf4j.org,https://repo.maven.apache.org/maven2/org/slf4j/slf4j-log4j12/1.6.1/slf4j-log4j12-1.6.1.jar,QOS.ch,UI,Graviton
Apache 2.0,Open Source,39,poi-ooxml-3.15.jar,Apache POI - Java API To Access Microsoft Format Files,https://index.whitesourcesoftware.com/gri/app/reader/resource/content/asString/cf34de58-3656-4437-bf31-f093eb647c9e,POM file,"2001-2003 Copyright 2001-2003 (c)
2003-2016 Copyright 2003-2016 The Apache Software Foundation
2004-2013 Copyright 2004-2013 QOS.ch
2006-2007 Copyright 2006-2007 Valek Filippov (frob@df.ru)
2000-2006 Copyright 2000-2006 www.hamcrest.org
2002 Copyright 2002 Yuval Oren
2000-2003 Copyright 2000-2003 BEA Systems, <http://www.bea.com/>",http://www.apache.org/,https://repo.maven.apache.org/maven2/org/apache/poi/poi-ooxml/3.15/poi-ooxml-3.15.jar,Apache Software Foundation,UI,Graviton
Apache 2.0,Open Source,39,commons-math-2.1.jar,"The Math project is a library of lightweight, self-contained mathematics and statistics components addressing the most common practical problems not immediately available in the Java programming language or commons-lang.",https://index.whitesourcesoftware.com/gri/app/reader/resource/content/asString/cf34de58-3656-4437-bf31-f093eb647c9e,POM file,"1997-2002 Copyright 1997-2002 Makoto Matsumoto and Takuji Nishimura,
2001-2010 Copyright 2001-2010 The Apache Software Foundation
2009 Copyright 2009 Google Inc
1999 Copyright 1999 University of Chicago
1992-2008 Copyright 1992-2008 The University of Tennessee
2004 Copyright 2004 Ernst Hairer",http://www.apache.org/,https://repo.maven.apache.org/maven2/org/apache/commons/commons-math/2.1/commons-math-2.1.jar,The Apache Software Foundation,UI,Graviton
CDDL 1.1,Open Source,52,ha-api-3.1.8.jar,,https://index.whitesourcesoftware.com/gri/app/reader/resource/content/asString/4536c631-af26-4900-bd7a-696040f4766c,POM file,"1997-2010 Copyright 1997-2010 Sun Microsystems, Inc",,https://repo.maven.apache.org/maven2/org/glassfish/ha/ha-api/3.1.8/ha-api-3.1.8.jar,,UI,Graviton
GPL 2.0,Open Source,78,ha-api-3.1.8.jar,,https://index.whitesourcesoftware.com/gri/app/reader/resource/content/asString/1f4ed4ce-48af-4a60-9368-bb38dbb3c74f,POM file,"1997-2010 Copyright 1997-2010 Sun Microsystems, Inc",,https://repo.maven.apache.org/maven2/org/glassfish/ha/ha-api/3.1.8/ha-api-3.1.8.jar,,UI,Graviton
Apache 2.0,Open Source,39,struts2-convention-plugin-2.3.4.1.jar,Apache Struts 2,null,POM file,2000-2012 Copyright 2000-2012 Apache Software Foundation,http://struts.apache.org/2.x/struts2-plugins/struts2-convention-plugin/,https://repo.maven.apache.org/maven2/org/apache/struts/struts2-convention-plugin/2.3.4.1/struts2-convention-plugin-2.3.4.1.jar,Apache Software Foundation,UI,Graviton
Requires Review,,,jersey-server-1.9.1.jar,,,,,,,,UI,Graviton
Apache 2.0,Open Source,39,spring-instrument-3.2.3.RELEASE.jar,Spring Instrument,,POM file,"2002-2013 Copyright 2002-2013 SpringSource, a division of VMware, Inc
2000-2011 Copyright 2000-2011 INRIA, France Telecom
1999-2009 Copyright 1999-2009 OW2 Consortium <http://www.ow2.org/>",https://github.com/SpringSource/spring-framework,https://repo.maven.apache.org/maven2/org/springframework/spring-instrument/3.2.3.RELEASE/spring-instrument-3.2.3.RELEASE.jar,SpringSource,UI,Graviton
Apache 2.0,Open Source,39,google-collections-1.0.jar,Google Collections Library is a suite of new collections and collection-related goodness for Java 5.0,,POM file,,http://code.google.com/p/google-collections/,https://repository.mapr.com/nexus/content/repositories/mapr-public/central/com/google/collections/google-collections/1.0/google-collections-1.0.jar,Google,UI,Graviton
Apache 2.0,Open Source,39,tomcat-coyote-7.0.27.jar,Tomcat Connectors and HTTP parser,https://index.whitesourcesoftware.com/gri/app/reader/resource/content/asString/cf34de58-3656-4437-bf31-f093eb647c9e,POM file,1999-2012 Copyright 1999-2012 The Apache Software Foundation,,https://repo.maven.apache.org/maven2/org/apache/tomcat/tomcat-coyote/7.0.27/tomcat-coyote-7.0.27.jar,,UI,Graviton
Apache 2.0,Open Source,39,spring-webmvc-3.2.3.RELEASE.jar,Spring Web MVC,,POM file,"2002-2013 Copyright 2002-2013 SpringSource, a division of VMware, Inc
2000-2011 Copyright 2000-2011 INRIA, France Telecom
1999-2009 Copyright 1999-2009 OW2 Consortium <http://www.ow2.org/>",https://github.com/SpringSource/spring-framework,http://repo.jfrog.org/artifactory/third-party-releases/org/springframework/spring-webmvc/3.2.3.RELEASE/spring-webmvc-3.2.3.RELEASE.jar,SpringSource,UI,Graviton
Apache 2.0,Open Source,39,woodstox-core-asl-4.1.2.jar,"Woodstox is a high-performance XML processor that
implements Stax (JSR-173) and SAX2 APIs",https://index.whitesourcesoftware.com/gri/app/reader/resource/content/asString/95ddbdb6-c8f5-463d-93ea-ba4cfdb7d7f7,POM file,Codehaus,http://woodstox.codehaus.org,https://repo.maven.apache.org/maven2/org/codehaus/woodstox/woodstox-core-asl/4.1.2/woodstox-core-asl-4.1.2.jar,Codehaus,UI,Graviton
Apache 2.0,Open Source,39,ognl-3.0.5.jar,OGNL - Object Graph Navigation Library,,POM file,2001-2004 Copyright 2001-2004 The OpenSymphony Group,http://ognl.org,https://repo.maven.apache.org/maven2/ognl/ognl/3.0.5/ognl-3.0.5.jar,OpenSymphony,UI,Graviton
Requires Review,,,jaxws-tools.jar,,,,,,,,UI,Graviton
BSD 2,Open Source,39,classworlds-1.1.jar,,https://index.whitesourcesoftware.com/gri/app/reader/resource/content/asString/4c79eaf6-df57-4269-93fe-046534f414d3,POM file,2002 Copyright 2002 (C) The Codehaus,http://classworlds.codehaus.org/,https://repo.maven.apache.org/maven2/classworlds/classworlds/1.1/classworlds-1.1.jar,The Codehaus,UI,Graviton
Apache 2.0,Open Source,39,commons-httpclient-3.0-rc3.jar,"The HttpClient  component supports the client-side of RFC 1945 (HTTP/1.0)  and RFC 2616 (HTTP/1.1) , several related specifications (RFC 2109 (Cookies) , RFC 2617 (HTTP Authentication) , etc.), and provides a framework by which new request types (methods) or HTTP extensions can be created easily.",https://index.whitesourcesoftware.com/gri/app/reader/resource/content/asString/cf34de58-3656-4437-bf31-f093eb647c9e,POM file,"2019 Copyright 2019 The Apache Software Foundation, Licensed under the <a class=""white"" href=""/licen",http://jakarta.apache.org/commons/httpclient/,https://repo.maven.apache.org/maven2/commons-httpclient/commons-httpclient/3.0-rc3/commons-httpclient-3.0-rc3.jar,Apache Software Foundation,UI,Graviton
Apache 2.0,Open Source,39,jettison-1.1.jar,,http://archive.apache.org/dist/hadoop/core/hadoop-3.3.1/hadoop-3.3.1-aarch64.tar.gz,Eclipse OSGI Bundle,2006 Copyright 2006 Envoi Solutions LLC,http://archive.apache.org/dist/hadoop/core/hadoop-3.3.1/hadoop-3.3.1-aarch64.tar.gz,http://archive.apache.org/dist/hadoop/core/hadoop-3.3.1/hadoop-3.3.1-aarch64.tar.gz,Eclipse,UI,Graviton
Requires Review,,,jersey-core-1.9.1.jar,,,,,,,,UI,Graviton
Requires Review,,,scala-library-2.9.1.jar,,,,,,https://repo.maven.apache.org/maven2/com/weiglewilczek/scala-lang-osgi/scala-library/2.9.1/scala-library-2.9.1.jar,,UI,Graviton
Apache 2.0,Open Source,39,tomcat-websocket-api-7.0.52.jar,WebSocket (JSR356) API,,POM file,1999-2014 Copyright 1999-2014 The Apache Software Foundation,http://tomcat.apache.org/,https://repo.maven.apache.org/maven2/org/apache/tomcat/tomcat-websocket-api/7.0.52/tomcat-websocket-api-7.0.52.jar,,UI,Graviton
Apache 2.0,Open Source,39,spring-struts-3.2.3.RELEASE.jar,Spring Struts,,POM file,"2002-2013 Copyright 2002-2013 SpringSource, a division of VMware, Inc
2000-2011 Copyright 2000-2011 INRIA, France Telecom
1999-2009 Copyright 1999-2009 OW2 Consortium <http://www.ow2.org/>",https://github.com/SpringSource/spring-framework,https://repo.maven.apache.org/maven2/org/springframework/spring-struts/3.2.3.RELEASE/spring-struts-3.2.3.RELEASE.jar,SpringSource,UI,Graviton
Apache 2.0,Open Source,39,struts2-jquery-chart-plugin-2.5.3.jar,Parent project for Struts2 jQuery integration.,,POM file,,http://code.google.com/p/struts2-jquery,https://repo.maven.apache.org/maven2/com/jgeppert/struts2/jquery/struts2-jquery-chart-plugin/2.5.3/struts2-jquery-chart-plugin-2.5.3.jar,,UI,Graviton
Common Public 1.0,Open Source,52,junit-4.10.jar,"JUnit is a regression testing framework written by Erich Gamma and Kent Beck.
        It is used by the developer who implements unit tests in Java.",https://index.whitesourcesoftware.com/gri/app/reader/resource/content/asString/9265c87f-583c-4763-b1e2-b297b72a8805,POM file,2000-2006 Copyright 2000-2006 www.hamcrest.org,http://junit.org,https://repo.maven.apache.org/maven2/junit/junit/4.10/junit-4.10.jar,JUnit,UI,Graviton
BSD 3,Open Source,39,junit-4.10.jar,"JUnit is a regression testing framework written by Erich Gamma and Kent Beck.
        It is used by the developer who implements unit tests in Java.",https://index.whitesourcesoftware.com/gri/app/reader/resource/content/asString/d09676af-45b1-42aa-8621-e95a4fc90d37,POM file,2000-2006 Copyright 2000-2006 www.hamcrest.org,http://junit.org,https://repo.maven.apache.org/maven2/junit/junit/4.10/junit-4.10.jar,JUnit,UI,Graviton
Apache 2.0,Open Source,39,commons-collections-3.2.jar,Types that extend and augment the Java Collections Framework.,https://index.whitesourcesoftware.com/gri/app/reader/resource/content/asString/cf34de58-3656-4437-bf31-f093eb647c9e,POM file,2021 The Apache Software Foundation,http://jakarta.apache.org,https://repo.maven.apache.org/maven2/commons-collections/commons-collections/3.2/commons-collections-3.2.jar,The Apache Software Foundation,UI,Graviton
Apache 2.0,Open Source,39,spring-webmvc-portlet-3.2.3.release.jar,Spring Web Portlet,,POM file,"2002-2013 Copyright 2002-2013 SpringSource, a division of VMware, Inc
2000-2011 Copyright 2000-2011 INRIA, France Telecom
1999-2009 Copyright 1999-2009 OW2 Consortium <http://www.ow2.org/>",https://github.com/SpringSource/spring-framework,http://repo.jfrog.org/artifactory/third-party-releases/org/springframework/spring-webmvc-portlet/3.2.3.release/spring-webmvc-portlet-3.2.3.release.jar,SpringSource,UI,Graviton
BSD,Open Source,,dom4j-1.6.1.jar,dom4j: the flexible XML framework for Java,,POM file,"2001-2005 Copyright 2001-2005 (C) MetaStuff, Ltd",http://dom4j.org,https://repo.maven.apache.org/maven2/dom4j/dom4j/1.6.1/dom4j-1.6.1.jar,MetaStuff Ltd.,UI,Graviton
Apache 2.0,Open Source,39,spring-core-3.2.3.RELEASE.jar,Spring Core,,POM file,"2002-2013 Copyright 2002-2013 SpringSource, a division of VMware, Inc
2000-2011 Copyright 2000-2011 INRIA, France Telecom
1999-2009 Copyright 1999-2009 OW2 Consortium <http://www.ow2.org/>",https://github.com/SpringSource/spring-framework,http://repo.jfrog.org/artifactory/third-party-releases/org/springframework/spring-core/3.2.3.release/spring-core-3.2.3.release.jar,SpringSource,UI,Graviton
Apache 2.0,Open Source,39,libthrift-0.9.0.jar,Thrift is a software framework for scalable cross-language services development.,https://index.whitesourcesoftware.com/gri/app/reader/resource/content/asString/95ddbdb6-c8f5-463d-93ea-ba4cfdb7d7f7,POM file,"1999-2007 Copyright 1999-2007 Markus Mottl
2006-2010 Copyright 2006-2010 The Apache Software Foundation
2007 Copyright 2007 Thomas Porschberg <thomas@randspringer.de>
2000-2005 Copyright 2000-2005 Minero Aoki,
1999-2000 Copyright 1999-2000 2002 Aladdin Enterprises",http://thrift.apache.org,https://repo.maven.apache.org/maven2/org/apache/thrift/libthrift/0.9.0/libthrift-0.9.0.jar,,UI,Graviton
Apache 2.0,Open Source,39,standard-1.0.6.jar,,http://attic.apache.org/projects/jakarta-taglibs.html,Project home page,,,https://repo.maven.apache.org/maven2/taglibs/standard/1.0.6/standard-1.0.6.jar,,UI,Graviton
Apache 2.0,Open Source,39,struts2-jquery-tree-plugin-3.3.3.jar,Parent project for Struts2 jQuery integration.,,POM file,,http://code.google.com/p/struts2-jquery,https://repo.maven.apache.org/maven2/com/jgeppert/struts2/jquery/struts2-jquery-tree-plugin/3.3.3/struts2-jquery-tree-plugin-3.3.3.jar,,UI,Graviton
Apache 2.0,Open Source,39,woodstox-core-asl-4.1.2-sources.jar,,null,POM file,Codehaus,http://woodstox.codehaus.org,http://repo.jfrog.org/artifactory/list/repo1/org/codehaus/woodstox/woodstox-core-asl/4.1.2/woodstox-core-asl-4.1.2.jar,Codehaus,UI,Graviton
Apache 2.0,Open Source,39,libfb303-0.9.0.jar,Thrift is a software framework for scalable cross-language services development.,,POM file,,http://thrift.apache.org,https://repo.maven.apache.org/maven2/org/apache/thrift/libfb303/0.9.0/libfb303-0.9.0.jar,,UI,Graviton
Requires Review,,,jwise.jar,,,,,,,,UI,Graviton
Apache 2.0,Open Source,39,xwork-core-2.3.4.1.jar,Apache Struts 2,https://index.whitesourcesoftware.com/gri/app/reader/resource/content/asString/baf955c5-df46-4999-8734-dd85adfadd0c,POM file,2000-2012 Copyright 2000-2012 Apache Software Foundation,http://struts.apache.org/2.x/xwork-core/,https://repo.maven.apache.org/maven2/org/apache/struts/xwork/xwork-core/2.3.4.1/xwork-core-2.3.4.1.jar,Apache Software Foundation,UI,Graviton
Apache 2.0,Open Source,39,commons-fileupload-1.3.jar,"The FileUpload component provides a simple yet flexible means of adding support for multipart
    file upload functionality to servlets and web applications.",https://index.whitesourcesoftware.com/gri/app/reader/resource/content/asString/cf34de58-3656-4437-bf31-f093eb647c9e,POM file,2002-2013 Copyright 2002-2013 The Apache Software Foundation,http://www.apache.org/,https://repo.maven.apache.org/maven2/commons-fileupload/commons-fileupload/1.3/commons-fileupload-1.3.jar,The Apache Software Foundation,UI,Graviton
Apache 2.0,Open Source,39,spring-context-support-3.2.3.RELEASE.jar,Spring Context Support,,POM file,"2002-2013 Copyright 2002-2013 SpringSource, a division of VMware, Inc
2000-2011 Copyright 2000-2011 INRIA, France Telecom
1999-2009 Copyright 1999-2009 OW2 Consortium <http://www.ow2.org/>",https://github.com/SpringSource/spring-framework,http://repo.jfrog.org/artifactory/third-party-releases/org/springframework/spring-context-support/3.2.3.release/spring-context-support-3.2.3.release.jar,SpringSource,UI,Graviton
Apache 2.0,Open Source,39,commons-logging-1.1.1.jar,"Commons Logging is a thin adapter allowing configurable bridging to other,
    well known logging systems.",https://index.whitesourcesoftware.com/gri/app/reader/resource/content/asString/cf34de58-3656-4437-bf31-f093eb647c9e,POM file,2001-2007 Copyright 2001-2007 The Apache Software Foundation,http://www.apache.org/,https://repo.maven.apache.org/maven2/commons-logging/commons-logging/1.1.1/commons-logging-1.1.1.jar,The Apache Software Foundation,UI,Graviton
Apache 2.0,Open Source,39,struts2-jfreechart-plugin-2.3.4.1.jar,Apache Struts 2,,POM file,2000-2012 Copyright 2000-2012 Apache Software Foundation,http://struts.apache.org/2.x/,https://repo.maven.apache.org/maven2/org/apache/struts/struts2-jfreechart-plugin/2.3.4.1/struts2-jfreechart-plugin-2.3.4.1.jar,Apache Software Foundation,UI,Graviton
Requires Review,,,jersey-client-1.9.1.jar,,,,,,,,UI,Graviton