[
  {
    "data_type": "execution_1",
    "settings": {
      "settings": {"index": {"knn":  true} },
      "mappings": {
        "properties": {
          "execution_detail_id": { "type": "integer" },
          "execution_id": { "type": "integer" },
          "usecase_name": { "type": "keyword" },
          "job_name": { "type": "text" },
          "input_prompt": { "type": "text" },
          "result": { "type": "text" },
          "isdeleted": { "type": "keyword" },
          "result_vector": {
            "type": "knn_vector",
            "dimension": 1536
          }
        }
      }
    }
  },
  {
    "data_type": "execution_2",
    "settings": {
      "settings": {"index": {"knn":  true} },
      "mappings": {
        "properties": {
          "execution_detail_id": { "type": "integer" },
          "execution_id": { "type": "integer" },
          "usecase_name": { "type": "keyword" },
          "job_name": { "type": "text" },
          "input_prompt": { "type": "text" },
          "result": { "type": "text" },
          "isdeleted": { "type": "keyword" },
          "result_vector": {
            "type": "knn_vector",
            "dimension": 384
          }
        }
      }
    }
  },
  {
    "data_type": "defects_extension_1",
    "settings": {
      "settings": {"index": {"knn":  true} },
      "mappings": {
        "properties": {
          "defectId": { "type": "integer" },
          "Title": { "type": "text" },
          "Description": { "type": "text" },
          "Priority": { "type": "text" },
          "Severity": { "type": "text" },
          "Feature": { "type": "text" },
          "FilesList": { "type": "text" },
          "FixedBy": { "type": "text" },
          "FileDiff": { "type": "text" },
          "Effort": { "type": "integer" },
          "TnD": { "type": "text" },
          "diff_summary": { "type": "text" },
          "TnD_vector": {
            "type": "knn_vector",
            "dimension": 1536
          }
        }
      }
    }
  },
  {
    "data_type": "defects_extension_2",
    "settings": {
      "settings": {"index": {"knn":  true} },
      "mappings": {
        "properties": {
          "defectId": { "type": "integer" },
          "Title": { "type": "text" },
          "Description": { "type": "text" },
          "Priority": { "type": "text" },
          "Severity": { "type": "text" },
          "Feature": { "type": "text" },
          "FilesList": { "type": "text" },
          "FixedBy": { "type": "text" },
          "FileDiff": { "type": "text" },
          "Effort": { "type": "integer" },
          "TnD": { "type": "text" },
          "diff_summary": { "type": "text" },
          "TnD_vector": {
            "type": "knn_vector",
            "dimension": 384
          }
        }
      }
    }
  },
  {
    "data_type": "defects_1",
    "settings": {
      "settings": {"index": {"knn":  true} },
      "mappings": {
        "properties": {
          "DefectId": { "type": "integer" },
          "ProjectId": { "type": "integer" },
          "Title": { "type": "text" },
          "Description": { "type": "text" },
          "Release": { "type": "text" },
          "Build": { "type": "text" },
          "Priority": { "type": "text" },
          "Severity": { "type": "text" },
          "CreationDate": { "type": "text" },
          "Status": { "type": "text" },
          "CreatedBy": { "type": "text" },
          "UpdatedBy": { "type": "text" },
          "ResolvedBy": { "type": "text" },
          "IsInternal": { "type": "text" },
          "ReqType": { "type": "text" },
          "TestCaseId": { "type": "text" },
          "IsOrphanDefect": { "type": "text" },
          "FeatureName": { "type": "text",  "fielddata":true},
          "PredictedPriority": { "type": "text" },
          "Efforts": { "type": "integer" },
          "TnD_vector": {
            "type": "knn_vector",
            "dimension": 1536
          }
        }
      }
    }
  },
  {
    "data_type": "defects_2",
    "settings": {
      "settings": {"index": {"knn":  true} },
      "mappings": {
        "properties": {
          "DefectId": { "type": "integer" },
          "ProjectId": { "type": "integer" },
          "Title": { "type": "text" },
          "Description": { "type": "text" },
          "Release": { "type": "text" },
          "Build": { "type": "text" },
          "Priority": { "type": "text" },
          "Severity": { "type": "text" },
          "CreationDate": { "type": "text" },
          "Status": { "type": "text" },
          "CreatedBy": { "type": "text" },
          "UpdatedBy": { "type": "text" },
          "ResolvedBy": { "type": "text" },
          "IsInternal": { "type": "text" },
          "ReqType": { "type": "text" },
          "TestCaseId": { "type": "text" },
          "IsOrphanDefect": { "type": "text" },
          "FeatureName": { "type": "text", "fielddata":true},
          "PredictedPriority": { "type": "text" },
          "Efforts": { "type": "integer" },
          "TnD_vector": {
            "type": "knn_vector",
            "dimension": 384
          }
        }
      }
    }
  },
  {
    "data_type": "testcase_1",
    "settings": {
      "settings": {"index": {"knn":  true} },
      "mappings": {
        "properties": {
          "testcaseId": { "type": "integer" },
          "Title": { "type": "text" },
          "Description": { "type": "text" },
          "Environment": { "type": "text" },
          "Priority": { "type": "text" },
          "Automated": { "type": "text" },
          "testtype": { "type": "text" },
          "TnD_vector": {
            "type": "knn_vector",
            "dimension": 1536
          }
        }
      }
    }
  },
  {
    "data_type": "testcase_2",
    "settings": {
      "settings": {"index": {"knn":  true} },
      "mappings": {
        "properties": {
          "testcaseId": { "type": "integer" },
          "Title": { "type": "text" },
          "Description": { "type": "text" },
          "Environment": { "type": "text" },
          "Priority": { "type": "text" },
          "Automated": { "type": "text" },
          "testtype": { "type": "text" },
          "TnD_vector": {
            "type": "knn_vector",
            "dimension": 384
          }
        }
      }
    }
  },
  {
    "data_type": "upload-data",
    "settings": {
      "settings": { "number_of_shards": 1, "number_of_replicas": 1 },
      "mappings": {
        "properties": {
          "CodeFileId": { "type": "integer" },
          "ProjectId": { "type": "integer" },
          "FileName": { "type": "text" },
          "Release": { "type": "text" },
          "Build": { "type": "text" },
          "CreatedDate": { "type": "text" },
          "RevisionId": { "type": "text" }
        }
      }
    }
  },
  {
    "data_type": "code_elements",
    "settings": {
      "settings": { "number_of_shards": 1, "number_of_replicas": 1 },
      "mappings": {
        "properties": {
          "CodeFileId": { "type": "integer" },
          "ProjectId": { "type": "integer" },
          "FileName": { "type": "text" },
          "Release": { "type": "text" },
          "Build": { "type": "text" },
          "CreatedDate": { "type": "text" },
          "RevisionId": { "type": "text" }
        }
      }
    }
  },
  {
    "data_type": "defects_codeelements_mapping",
    "settings": {
      "settings": { "number_of_shards": 1, "number_of_replicas": 1 },
      "mappings": {
        "properties": {
          "DefectId": { "type": "keyword" },
          "ProjectId": { "type": "integer" },
          "FileList": { "type": "text" },
          "FileDiff": { "type": "text" },
          "BranchName": { "type": "keyword" },
          "CommitDate": { "type": "text" }
        }
      }
    }
  },
  {
    "data_type": "testcases_1",
    "settings": {
      "settings": {"index": {"knn":  true} },
      "mappings": {
        "properties": {
          "TestcaseId": { "type": "keyword" },
          "ProjectId": { "type": "integer" },
          "Title": { "type": "text" },
          "Description": { "type": "text" },
          "Environment": { "type": "text" },
          "FeatureName": { "type": "keyword" },
          "Priority": { "type": "keyword" },
          "IsAutomated": { "type": "text" },
          "TestType": { "type": "text" },
          "CreationDate": { "type": "text" },
          "TnD_vector": {
            "type": "knn_vector",
            "dimension": 1536
          }
        }
      }
    }
  },
  {
    "data_type": "testcases_2",
    "settings": {
      "settings": {"index": {"knn":  true} },
      "mappings": {
        "properties": {
          "TestcaseId": { "type": "keyword" },
          "ProjectId": { "type": "integer" },
          "Title": { "type": "text" },
          "Description": { "type": "text" },
          "Environment": { "type": "text" },
          "FeatureName": { "type": "keyword" },
          "Priority": { "type": "keyword" },
          "IsAutomated": { "type": "text" },
          "TestType": { "type": "text" },
          "CreationDate": { "type": "text" },
          "TnD_vector": {
            "type": "knn_vector",
            "dimension": 384
          }
        }
      }
    }
  },
  {
    "data_type": "test_executions",
    "settings": {
      "settings": { "number_of_shards": 1, "number_of_replicas": 1 },
      "mappings": {
        "properties": {
          "TestcaseId": { "type": "keyword" },
          "ProjectId": { "type": "integer" },
          "Title": { "type": "text" },
          "Description": { "type": "text" },
          "Environment": { "type": "keyword" },
          "Release": { "type": "keyword" },
          "Build": { "type": "keyword" },
          "ExecutionDate": { "type": "text" },
          "ExecutionBy": { "type": "keyword" },
          "ExecutionId": { "type": "keyword" },
          "PlannedDate": { "type": "text" },
          "Category": { "type": "keyword" }
        }
      }
    }
  },
  {
    "data_type": "features_mapping",
    "settings": {
      "settings": { "number_of_shards": 1, "number_of_replicas": 1 },
      "mappings": {
        "properties": {
          "FeatureId": { "type": "integer" },
          "ProjectId": { "type": "integer" },
          "ParentFeatureId": { "type": "text" },
          "FeatureName": { "type": "text" },
          "IsActive": { "type": "text" },
          "CreatedOn": { "type": "text" }
        }
      }
    }
  },
  {
    "data_type": "code_file_content_1",
    "settings": {
      "settings": {"index": {"knn":  true} },
      "mappings": {
        "properties": {
          "code_content_id": { "type": "text" },
          "project_id": { "type": "integer" },
          "project_name": { "type": "text" },
          "file_path": { "type": "text" },
          "file_name": { "type": "text" },
          "function_name": { "type": "text" },
          "source_code": { "type": "text" },
          "code_embedding": {
            "type": "knn_vector",
            "dimension": 1536
          }
        }
      }
    }
  },
  {
    "data_type": "code_file_content_2",
    "settings": {
      "settings": {"index": {"knn":  true} },
      "mappings": {
        "properties": {
          "code_content_id": { "type": "text" },
          "project_id": { "type": "integer" },
          "project_name": { "type": "text" },
          "file_path": { "type": "text" },
          "file_name": { "type": "text" },
          "function_name": { "type": "text" },
          "source_code": { "type": "text" },
          "code_embedding": {
            "type": "knn_vector",
            "dimension": 384
          }
        }
      }
    }
  },
  {
    "data_type": "doc_file_content_1",
    "settings": {
      "settings": {"index": {"knn":  true} },
      "mappings": {
        "properties": {
          "doc_content_id": { "type": "text" },
          "project_id": { "type": "integer" },
          "project_name": { "type": "text" },
          "file_path": { "type": "text" },
          "file_name": { "type": "text" },
          "doc_content": { "type": "text" },
          "doc_embedding": {
            "type": "knn_vector",
            "dimension": 1536
          }
        }
      }
    }
  },
  {
    "data_type": "doc_file_content_2",
    "settings": {
      "settings": {"index": {"knn":  true} },
      "mappings": {
        "properties": {
          "doc_content_id": { "type": "text" },
          "project_id": { "type": "integer" },
          "project_name": { "type": "text" },
          "file_path": { "type": "text" },
          "file_name": { "type": "text" },
          "doc_content": { "type": "text" },
          "doc_embedding": {
            "type": "knn_vector",
            "dimension": 384
          }
        }
      }
    }
  },
  {
    "data_type": "usecase_1",
    "settings": {
      "settings": {"index": {"knn":  true} },
      "mappings": {
        "properties": {
          "doc_content_id": { "type": "text" },
          "file_name": { "type": "text" },
          "func_name": { "type": "text" },
          "doc_content": { "type": "text" },
          "doc_embedding": {
            "type": "knn_vector",
            "dimension": 1536
          }
        }
      }
    }
  },
  {
    "data_type": "usecase_2",
    "settings": {
      "settings": {"index": {"knn":  true} },
      "mappings": {
        "properties": {
          "doc_content_id": { "type": "text" },
          "file_name": { "type": "text" },
          "func_name": { "type": "text" },
          "doc_content": { "type": "text" },
          "doc_embedding": {
            "type": "knn_vector",
            "dimension": 384
          }
        }
      }
    }
  },
  {
    "data_type": "orphan_defects",
    "settings": {
      "settings": { "number_of_shards": 1, "number_of_replicas": 1 },
      "mappings": {
        "properties": {
          "defectId": { "type": "integer" },
          "Title": { "type": "text" },
          "Description": { "type": "text" },
          "Priority": { "type": "text" },
          "Severity": { "type": "text" },
          "Feature": {"type": "text"},
          "FilesList": {"type": "text"},
          "FixedBy": {"type": "text"},
          "Feature_Name": {"type": "keyword"},
          "FileDiff": {"type": "text"},
          "Effort": {"type": "integer"},
          "TnD": {"type": "text"},
          "diff_summary": {"type": "text"}
        }
      }
    }
  },
  {
    "data_type": "orphan_testcase",
    "settings": {
      "settings": { "number_of_shards": 1, "number_of_replicas": 1 },
      "mappings": {
        "properties": {
          "testcaseId": {"type": "integer"},
          "Title": {"type": "text"},
          "Description": {"type": "text"},
          "Environment": {"type": "text"},
          "Priority": {"type": "text"},
          "Feature_Name": {"type": "keyword"},
          "Automated": {"type": "text"},
          "testtype": {"type": "text"}
        }
      }
    }
  }
]
